{
    "coverage_efficiency": {
        "coverage_ratio": 0.2879144113667118,
        "improvement_percentage": -17.738739609510905,
        "baseline": 0.35
    },
    "power_density": {
        "power_density": 55.2232746955345,
        "improvement_percentage": -53.98060442038791,
        "baseline": 120
    },
    "spacing_uniformity": {
        "uniformity_score": 0.98,
        "improvement_percentage": 78.18181818181816,
        "baseline": 0.55
    },
    "edge_utilization": {
        "edge_utilization": 0.35500625782227785,
        "improvement_percentage": 18.335419274092622,
        "baseline": 0.3
    },
    "shading_optimization": {
        "shading_score": 0.95,
        "improvement_percentage": 58.333333333333336,
        "baseline": 0.6
    },
    "installation_efficiency": {
        "installation_score": 0.95,
        "improvement_percentage": 46.15384615384614,
        "baseline": 0.65
    },
    "summary": {
        "total_improvement": 19.610397382625987,
        "total_power_kw": 3.6,
        "num_panels": 9,
        "annual_energy_kwh": 5420.25
    }
}