{
    "coverage_efficiency": {
        "coverage_ratio": 0.2787075958283156,
        "improvement_percentage": -20.36925833476696,
        "baseline": 0.35
    },
    "power_density": {
        "power_density": 52.72409170434664,
        "improvement_percentage": -56.063256913044455,
        "baseline": 120
    },
    "spacing_uniformity": {
        "uniformity_score": 0.5708185920819485,
        "improvement_percentage": 3.7851985603542673,
        "baseline": 0.55
    },
    "edge_utilization": {
        "edge_utilization": 0.3512964858410099,
        "improvement_percentage": 17.098828613669976,
        "baseline": 0.3
    },
    "shading_optimization": {
        "shading_score": 0.95,
        "improvement_percentage": 58.333333333333336,
        "baseline": 0.6
    },
    "installation_efficiency": {
        "installation_score": 0.95,
        "improvement_percentage": 46.15384615384614,
        "baseline": 0.65
    },
    "summary": {
        "total_improvement": 7.45430753302329,
        "total_power_kw": 11.2,
        "num_panels": 28,
        "annual_energy_kwh": 16862.999999999996
    }
}