{
    "total_panels": 9,
    "total_power_kw": 3.6000000000000005,
    "average_improvement": -26.9967702769492,
    "processed_images": 4,
    "timestamp": "20250516_221658"
}