{
    "total_panels": 9,
    "total_power_kw": 3.6000000000000005,
    "average_improvement": -66.0487782939513,
    "processed_images": 4,
    "timestamp": "20250516_210814"
}