{
    "total_panels": 9,
    "total_power_kw": 3.6000000000000005,
    "average_improvement": 18.891909987760883,
    "processed_images": 4,
    "timestamp": "20250516_224205"
}